Position,Hauteur,Debit,Vitesse
-19.9575,10,0,0
-19.9225,10,0,0
-19.8876,10,0,0
-19.8526,10,0,0
-19.8176,10,0,0
-19.7826,10,0,0
-19.7476,10,0,0
-19.7126,10,0,0
-19.6777,10,0,0
-19.6427,10,0,0
-19.6077,10,0,0
-19.5727,10,0,0
-19.5377,10,0,0
-19.5027,10,0,0
-19.4678,10,0,0
-19.4328,10,0,0
-19.3978,10,0,0
-19.3628,10,0,0
-19.3278,10,0,0
-19.2929,10,0,0
-19.2579,10,0,0
-19.2229,10,0,0
-19.1879,10,0,0
-19.1529,10,0,0
-19.1179,10,0,0
-19.083,10,0,0
-19.048,10,0,0
-19.013,10,0,0
-18.978,10,0,0
-18.943,10,0,0
-18.908,10,0,0
-18.8731,10,0,0
-18.8381,10,0,0
-18.8031,10,0,0
-18.7681,10,0,0
-18.7331,10,0,0
-18.6982,10,0,0
-18.6632,10,0,0
-18.6282,10,0,0
-18.5932,10,0,0
-18.5582,10,0,0
-18.5232,10,0,0
-18.4883,10,0,0
-18.4533,10,0,0
-18.4183,10,0,0
-18.3833,10,0,0
-18.3483,10,0,0
-18.3133,10,0,0
-18.2784,10,0,0
-18.2434,10,0,0
-18.2084,10,0,0
-18.1734,10,0,0
-18.1384,10,0,0
-18.1034,10,0,0
-18.0685,10,0,0
-18.0335,10,0,0
-17.9985,10,0,0
-17.9635,10,0,0
-17.9285,10,0,0
-17.8936,10,0,0
-17.8586,10,0,0
-17.8236,10,0,0
-17.7886,10,0,0
-17.7536,10,0,0
-17.7186,10,0,0
-17.6837,10,0,0
-17.6487,10,0,0
-17.6137,10,0,0
-17.5787,10,0,0
-17.5437,10,0,0
-17.5087,10,0,0
-17.4738,10,0,0
-17.4388,10,0,0
-17.4038,10,0,0
-17.3688,10,0,0
-17.3338,10,0,0
-17.2989,10,0,0
-17.2639,10,0,0
-17.2289,10,0,0
-17.1939,10,0,0
-17.1589,10,0,0
-17.1239,10,0,0
-17.089,10,0,0
-17.054,10,0,0
-17.019,10,0,0
-16.984,10,0,0
-16.949,10,0,0
-16.914,10,0,0
-16.8791,10,0,0
-16.8441,10,0,0
-16.8091,10,0,0
-16.7741,10,0,0
-16.7391,10,0,0
-16.7041,10,0,0
-16.6692,10,0,0
-16.6342,10,0,0
-16.5992,10,0,0
-16.5642,10,0,0
-16.5292,10,0,0
-16.4943,10,0,0
-16.4593,10,0,0
-16.4243,10,0,0
-16.3893,10,0,0
-16.3543,10,0,0
-16.3193,10,0,0
-16.2844,10,0,0
-16.2494,10,0,0
-16.2144,10,0,0
-16.1794,10,0,0
-16.1444,10,0,0
-16.1094,10,0,0
-16.0745,10,0,0
-16.0395,10,0,0
-16.0045,10,0,0
-15.9695,10,0,0
-15.9345,10,0,0
-15.8996,10,0,0
-15.8646,10,0,0
-15.8296,10,0,0
-15.7946,10,0,0
-15.7596,10,0,0
-15.7246,10,0,0
-15.6897,10,0,0
-15.6547,10,0,0
-15.6197,10,0,0
-15.5847,10,0,0
-15.5497,10,0,0
-15.5147,10,0,0
-15.4798,10,0,0
-15.4448,10,0,0
-15.4098,10,0,0
-15.3748,10,0,0
-15.3398,10,0,0
-15.3048,10,0,0
-15.2699,10,0,0
-15.2349,10,0,0
-15.1999,10,0,0
-15.1649,10,0,0
-15.1299,10,0,0
-15.095,10,0,0
-15.06,10,0,0
-15.025,10,0,0
-14.99,10,0,0
-14.955,10,0,0
-14.92,10,0,0
-14.8851,10,0,0
-14.8501,10,0,0
-14.8151,10,0,0
-14.7801,10,0,0
-14.7451,10,0,0
-14.7101,10,0,0
-14.6752,10,0,0
-14.6402,10,0,0
-14.6052,10,0,0
-14.5702,10,0,0
-14.5352,10,0,0
-14.5002,10,0,0
-14.4653,10,0,0
-14.4303,10,0,0
-14.3953,10,0,0
-14.3603,10,0,0
-14.3253,10,0,0
-14.2904,10,0,0
-14.2554,10,0,0
-14.2204,10,0,0
-14.1854,10,0,0
-14.1504,10,0,0
-14.1154,10,0,0
-14.0805,10,0,0
-14.0455,10,0,0
-14.0105,10,0,0
-13.9755,10,0,0
-13.9405,10,0,0
-13.9055,10,0,0
-13.8706,10,0,0
-13.8356,10,0,0
-13.8006,10,0,0
-13.7656,10,0,0
-13.7306,10,0,0
-13.6957,10,0,0
-13.6607,10,0,0
-13.6257,10,0,0
-13.5907,10,0,0
-13.5557,10,0,0
-13.5207,10,0,0
-13.4858,10,0,0
-13.4508,10,0,0
-13.4158,10,0,0
-13.3808,10,0,0
-13.3458,10,0,0
-13.3108,10,0,0
-13.2759,10,0,0
-13.2409,10,0,0
-13.2059,10,0,0
-13.1709,10,0,0
-13.1359,10,0,0
-13.1009,10,0,0
-13.066,10,0,0
-13.031,10,0,0
-12.996,10,0,0
-12.961,10,0,0
-12.926,10,0,0
-12.8911,10,0,0
-12.8561,10,0,0
-12.8211,10,0,0
-12.7861,10,0,0
-12.7511,10,0,0
-12.7161,10,0,0
-12.6812,10,0,0
-12.6462,10,0,0
-12.6112,10,0,0
-12.5762,10,0,0
-12.5412,10,0,0
-12.5062,10,0,0
-12.4713,10,0,0
-12.4363,10,0,0
-12.4013,10,0,0
-12.3663,10,0,0
-12.3313,10,0,0
-12.2964,10,0,0
-12.2614,10,0,0
-12.2264,10,0,0
-12.1914,10,0,0
-12.1564,10,0,0
-12.1214,10,0,0
-12.0865,10,0,0
-12.0515,10,0,0
-12.0165,10,0,0
-11.9815,10,0,0
-11.9465,10,0,0
-11.9115,10,0,0
-11.8766,10,0,0
-11.8416,10,0,0
-11.8066,10,0,0
-11.7716,10,0,0
-11.7366,10,0,0
-11.7016,10,0,0
-11.6667,10,0,0
-11.6317,10,0,0
-11.5967,10,0,0
-11.5617,10,0,0
-11.5267,10,0,0
-11.4918,10,0,0
-11.4568,10,0,0
-11.4218,10,0,0
-11.3868,10,0,0
-11.3518,10,0,0
-11.3168,10,0,0
-11.2819,10,0,0
-11.2469,10,0,0
-11.2119,10,0,0
-11.1769,10,0,0
-11.1419,10,0,0
-11.1069,10,0,0
-11.072,10,0,0
-11.037,10,0,0
-11.002,10,0,0
-10.967,10,0,0
-10.932,10,0,0
-10.8971,10,0,0
-10.8621,10,0,0
-10.8271,10,0,0
-10.7921,10,0,0
-10.7571,10,0,0
-10.7221,10,0,0
-10.6872,10,0,0
-10.6522,10,0,0
-10.6172,10,0,0
-10.5822,10,0,0
-10.5472,10,0,0
-10.5122,10,0,0
-10.4773,10,0,0
-10.4423,10,0,0
-10.4073,10,0,0
-10.3723,10,0,0
-10.3373,10,0,0
-10.3023,10,0,0
-10.2674,10,0,0
-10.2324,10,0,0
-10.1974,10,2.82142e-15,2.82142e-16
-10.1624,10,2.23335e-14,2.23335e-15
-10.1274,10,1.18956e-13,1.18956e-14
-10.0925,10,3.00221e-13,3.00221e-14
-10.0575,10,5.11826e-13,5.11826e-14
-10.0225,10,7.3706e-13,7.3706e-14
-9.98751,10,9.6914e-13,9.6914e-14
-9.95252,10,1.20499e-12,1.20499e-13
-9.91754,10,1.47844e-12,1.47844e-13
-9.88256,10,1.91038e-12,1.91038e-13
-9.84758,10,2.53512e-12,2.53512e-13
-9.81259,10,3.39585e-12,3.39585e-13
-9.77761,10,4.38969e-12,4.38969e-13
-9.74263,10,5.72679e-12,5.72679e-13
-9.70765,10,2.08649e-11,2.08649e-12
-9.67266,10,1.07099e-10,1.07099e-11
-9.63768,10,1.55493e-10,1.55493e-11
-9.6027,10,1.58114e-10,1.58114e-11
-9.56772,10,-5.87538e-10,-5.87538e-11
-9.53273,10,-1.83475e-09,-1.83475e-10
-9.49775,10,-2.31977e-09,-2.31977e-10
-9.46277,10,-1.92012e-09,-1.92012e-10
-9.42779,10,7.48304e-09,7.48304e-10
-9.3928,10,1.83315e-08,1.83315e-09
-9.35782,10,2.22367e-08,2.22367e-09
-9.32284,10,1.77609e-08,1.77609e-09
-9.28786,10,-7.84503e-08,-7.84503e-09
-9.25287,10,-1.7545e-07,-1.7545e-08
-9.21789,10,-2.08737e-07,-2.08737e-08
-9.18291,10,-1.72256e-07,-1.72256e-08
-9.14793,10,7.16105e-07,7.16105e-08
-9.11294,10,1.51425e-06,1.51425e-07
-9.07796,10,1.79304e-06,1.79304e-07
-9.04298,10,1.67188e-06,1.67188e-07
-9.008,10,-5.27383e-06,-5.27383e-07
-8.97301,10,-1.14405e-05,-1.14405e-06
-8.93803,10,-1.36769e-05,-1.36769e-06
-8.90305,10,-1.30166e-05,-1.30166e-06
-8.86807,10,2.60279e-05,2.60279e-06
-8.83308,9.99999,7.67695e-05,7.67696e-06
-8.7981,9.99999,9.50703e-05,9.50704e-06
-8.76312,9.99999,0.000106899,1.06899e-05
-8.72814,10,-3.612e-05,-3.612e-06
-8.69315,10,-0.00042841,-4.28409e-05
-8.65817,10.0001,-0.000600295,-6.00291e-05
-8.62319,10.0001,-0.000690034,-6.90029e-05
-8.58821,10.0001,-0.000630423,-6.30419e-05
-8.55322,9.99988,0.00121693,0.000121695
-8.51824,9.99969,0.00311206,0.000311216
-8.48326,9.9996,0.00396065,0.000396081
-8.44828,9.99954,0.00452391,0.000452412
-8.41329,9.99954,0.00455916,0.000455937
-8.37831,10.0005,-0.00511122,-0.000511095
-8.34333,10.0017,-0.0165303,-0.00165276
-8.30835,10.0022,-0.0219001,-0.00218953
-8.27336,10.0027,-0.0271977,-0.00271902
-8.23838,10.003,-0.0295919,-0.00295831
-8.2034,10.0028,-0.0277847,-0.00277769
-8.16842,9.9963,0.0366706,0.00366842
-8.13343,9.99085,0.090591,0.0090674
-8.09845,9.98768,0.121884,0.0122034
-8.06347,9.9842,0.156348,0.0156596
-8.02849,9.98217,0.176307,0.0176622
-7.9935,9.98249,0.173197,0.01735
-7.95852,9.99214,0.077774,0.00778351
-7.92354,10.0287,-0.285065,-0.0284249
-7.88856,10.045,-0.446878,-0.0444878
-7.85357,10.0635,-0.631683,-0.0627699
-7.81859,10.0806,-0.803541,-0.0797114
-7.78361,10.0925,-0.922699,-0.0914241
-7.74863,10.1024,-1.02187,-0.101152
-7.71364,10.1094,-1.09234,-0.108052
-7.67866,10.1137,-1.13545,-0.112269
-7.64368,10.1153,-1.15229,-0.113915
-7.6087,10.1142,-1.14069,-0.112781
-7.57371,10.0741,-0.738538,-0.0733103
-7.53873,10.0404,-0.401603,-0.0399987
-7.50375,10.0158,-0.156965,-0.0156717
-7.46877,9.98015,0.196107,0.0196497
-7.43378,9.9512,0.481482,0.0483843
-7.3988,9.92054,0.782268,0.0788534
-7.36382,9.88897,1.09045,0.110269
-7.32884,9.85891,1.38258,0.140237
-7.29385,9.8279,1.68241,0.171187
-7.25887,9.79725,1.97742,0.201834
-7.22389,9.76672,2.26989,0.23241
-7.18891,9.73604,2.56233,0.26318
-7.15392,9.70554,2.85171,0.293823
-7.11894,9.67504,3.13973,0.324519
-7.08396,9.64457,3.42598,0.355224
-7.04898,9.61417,3.71018,0.385908
-7.01399,9.5838,3.99272,0.416611
-6.97901,9.55348,4.27336,0.447309
-6.94403,9.52321,4.55216,0.478007
-6.90905,9.49299,4.82917,0.508709
-6.87406,9.46281,5.10433,0.539409
-6.83908,9.43269,5.37767,0.57011
-6.8041,9.40261,5.64919,0.600811
-6.76912,9.37258,5.91889,0.631511
-6.73413,9.34259,6.18678,0.662212
-6.69915,9.31266,6.45286,0.692913
-6.66417,9.28277,6.71713,0.723613
-6.62919,9.25293,6.97961,0.754314
-6.5942,9.22314,7.24029,0.785014
-6.55922,9.1934,7.49918,0.815714
-6.52424,9.1637,7.75629,0.846414
-6.48926,9.13406,8.01161,0.877114
-6.45427,9.10446,8.26516,0.907814
-6.41929,9.07491,8.51693,0.938514
-6.38431,9.04541,8.76693,0.969214
-6.34933,9.01595,9.01517,0.999914
-6.31434,8.98654,9.26165,1.03061
-6.27936,8.95719,9.50638,1.06131
-6.24438,8.92788,9.74936,1.09201
-6.2094,8.89861,9.99059,1.12271
-6.17441,8.8694,10.2301,1.15341
-6.13943,8.84023,10.4678,1.18411
-6.10445,8.81112,10.7039,1.21481
-6.06947,8.78205,10.9381,1.24551
-6.03448,8.75302,11.1707,1.27621
-5.9995,8.72405,11.4016,1.30691
-5.96452,8.69512,11.6307,1.33761
-5.92954,8.66625,11.8581,1.36831
-5.89455,8.63742,12.0839,1.39901
-5.85957,8.60863,12.3079,1.42971
-5.82459,8.5799,12.5302,1.46041
-5.78961,8.55121,12.7508,1.49111
-5.75462,8.52257,12.9698,1.52182
-5.71964,8.49398,13.187,1.55252
-5.68466,8.46544,13.4026,1.58322
-5.64968,8.43695,13.6165,1.61392
-5.61469,8.4085,13.8288,1.64462
-5.57971,8.3801,14.0394,1.67532
-5.54473,8.35175,14.2483,1.70602
-5.50975,8.32344,14.4555,1.73673
-5.47476,8.29519,14.6611,1.76743
-5.43978,8.26698,14.8651,1.79813
-5.4048,8.23882,15.0674,1.82883
-5.36982,8.21071,15.2681,1.85954
-5.33483,8.18264,15.4671,1.89024
-5.29985,8.15463,15.6646,1.92094
-5.26487,8.12666,15.8604,1.95165
-5.22989,8.09874,16.0545,1.98235
-5.1949,8.07086,16.2471,2.01305
-5.15992,8.04304,16.438,2.04376
-5.12494,8.01526,16.6274,2.07446
-5.08996,7.98753,16.8151,2.10517
-5.05497,7.95985,17.0012,2.13588
-5.01999,7.93221,17.1858,2.16658
-4.98501,7.90463,17.3687,2.19729
-4.95002,7.87709,17.5501,2.22799
-4.91504,7.84959,17.7299,2.2587
-4.88006,7.82215,17.9081,2.28941
-4.84508,7.79475,18.0848,2.32012
-4.81009,7.7674,18.2598,2.35083
-4.77511,7.7401,18.4333,2.38154
-4.74013,7.71285,18.6053,2.41225
-4.70515,7.68564,18.7757,2.44296
-4.67016,7.65849,18.9445,2.47367
-4.63518,7.63138,19.1119,2.50438
-4.6002,7.60431,19.2776,2.53509
-4.56522,7.5773,19.4418,2.5658
-4.53023,7.55033,19.6045,2.59652
-4.49525,7.52341,19.7657,2.62723
-4.46027,7.49654,19.9254,2.65794
-4.42529,7.46971,20.0835,2.68866
-4.3903,7.44293,20.2401,2.71937
-4.35532,7.4162,20.3952,2.75009
-4.32034,7.38952,20.5488,2.7808
-4.28536,7.36289,20.7009,2.81152
-4.25037,7.3363,20.8515,2.84224
-4.21539,7.30976,21.0006,2.87295
-4.18041,7.28327,21.1482,2.90367
-4.14543,7.25683,21.2944,2.93439
-4.11044,7.23043,21.439,2.96511
-4.07546,7.20408,21.5822,2.99583
-4.04048,7.17778,21.7239,3.02655
-4.0055,7.15153,21.8641,3.05727
-3.97051,7.12532,22.0029,3.08799
-3.93553,7.09916,22.1402,3.11871
-3.90055,7.07305,22.2761,3.14943
-3.86557,7.04699,22.4105,3.18016
-3.83058,7.02097,22.5435,3.21088
-3.7956,6.99501,22.675,3.2416
-3.76062,6.96909,22.8051,3.27233
-3.72564,6.94322,22.9338,3.30305
-3.69065,6.91739,23.061,3.33377
-3.65567,6.89162,23.1868,3.3645
-3.62069,6.86589,23.3112,3.39522
-3.58571,6.84021,23.4342,3.42595
-3.55072,6.81458,23.5558,3.45667
-3.51574,6.78899,23.6759,3.4874
-3.48076,6.76346,23.7947,3.51813
-3.44578,6.73797,23.9121,3.54885
-3.41079,6.71253,24.028,3.57958
-3.37581,6.68713,24.1426,3.61031
-3.34083,6.66179,24.2558,3.64103
-3.30585,6.63649,24.3676,3.67176
-3.27086,6.61124,24.478,3.70249
-3.23588,6.58604,24.5871,3.73321
-3.2009,6.56089,24.6948,3.76394
-3.16592,6.53579,24.8011,3.79467
-3.13093,6.51073,24.9061,3.82539
-3.09595,6.48572,25.0097,3.85612
-3.06097,6.46076,25.112,3.88685
-3.02599,6.43585,25.2129,3.91757
-2.991,6.41099,25.3125,3.9483
-2.95602,6.38618,25.4108,3.97903
-2.92104,6.36141,25.5077,4.00975
-2.88606,6.33669,25.6032,4.04048
-2.85107,6.31202,25.6975,4.0712
-2.81609,6.2874,25.7904,4.10192
-2.78111,6.26283,25.8821,4.13265
-2.74613,6.23831,25.9724,4.16337
-2.71114,6.21383,26.0614,4.19409
-2.67616,6.18941,26.1491,4.22481
-2.64118,6.16503,26.2355,4.25553
-2.6062,6.1407,26.3206,4.28625
-2.57121,6.11643,26.4044,4.31696
-2.53623,6.0922,26.4869,4.34768
-2.50125,6.06802,26.5682,4.37839
-2.46627,6.04388,26.6481,4.40911
-2.43128,6.0198,26.7268,4.43982
-2.3963,5.99577,26.8043,4.47053
-2.36132,5.97178,26.8804,4.50124
-2.32634,5.94785,26.9553,4.53195
-2.29135,5.92396,27.029,4.56265
-2.25637,5.90013,27.1014,4.59335
-2.22139,5.87634,27.1725,4.62405
-2.18641,5.8526,27.2424,4.65475
-2.15142,5.82892,27.3111,4.68545
-2.11644,5.80528,27.3786,4.71615
-2.08146,5.78169,27.4448,4.74684
-2.04648,5.75815,27.5098,4.77754
-2.01149,5.73466,27.5736,4.80823
-1.97651,5.71123,27.6362,4.83892
-1.94153,5.68784,27.6976,4.86961
-1.90655,5.6645,27.7577,4.90029
-1.87156,5.64121,27.8167,4.93098
-1.83658,5.61797,27.8744,4.96166
-1.8016,5.59478,27.931,4.99233
-1.76662,5.57164,27.9864,5.023
-1.73163,5.54855,28.0405,5.05367
-1.69665,5.52551,28.0935,5.08433
-1.66167,5.50252,28.1453,5.11499
-1.62669,5.47958,28.196,5.14565
-1.5917,5.45669,28.2455,5.1763
-1.55672,5.43386,28.2939,5.20696
-1.52174,5.41107,28.3411,5.2376
-1.48676,5.38834,28.3871,5.26825
-1.45177,5.36565,28.432,5.29889
-1.41679,5.34302,28.4758,5.32952
-1.38181,5.32044,28.5184,5.36015
-1.34683,5.29791,28.5599,5.39078
-1.31184,5.27543,28.6002,5.4214
-1.27686,5.25301,28.6395,5.45201
-1.24188,5.23063,28.6776,5.48262
-1.2069,5.20831,28.7146,5.51323
-1.17191,5.18604,28.7505,5.54382
-1.13693,5.16382,28.7853,5.57441
-1.10195,5.14165,28.819,5.605
-1.06697,5.11954,28.8516,5.63557
-1.03198,5.09748,28.8831,5.66614
-0.997001,5.07547,28.9135,5.69671
-0.962019,5.05352,28.9428,5.72726
-0.927036,5.03162,28.9711,5.75781
-0.892054,5.00977,28.9983,5.78835
-0.857071,4.98798,29.0244,5.81887
-0.822089,4.96624,29.0495,5.84939
-0.787106,4.94456,29.0735,5.8799
-0.752124,4.92293,29.0965,5.9104
-0.717141,4.90135,29.1184,5.94089
-0.682159,4.87983,29.1393,5.97137
-0.647176,4.85837,29.1591,6.00183
-0.612194,4.83696,29.1779,6.03228
-0.577211,4.81561,29.1957,6.06272
-0.542229,4.79432,29.2125,6.09315
-0.507246,4.77308,29.2283,6.12356
-0.472264,4.75191,29.243,6.15395
-0.437281,4.73079,29.2567,6.18433
-0.402299,4.70973,29.2695,6.21469
-0.367316,4.68873,29.2813,6.24503
-0.332334,4.66779,29.292,6.27536
-0.297351,4.64691,29.3018,6.30566
-0.262369,4.62609,29.3106,6.33594
-0.227386,4.60534,29.3185,6.36619
-0.192404,4.58465,29.3253,6.39643
-0.157421,4.56402,29.3313,6.42663
-0.122439,4.54346,29.3362,6.4568
-0.0874563,4.52297,29.3403,6.48694
-0.0524738,4.50256,29.3434,6.51705
-0.0174913,4.4822,29.3454,6.5471
0.0174913,4.46195,29.347,6.57717
0.0524738,4.44174,29.347,6.6071
0.0874563,4.42156,29.3464,6.63712
0.122439,4.40152,29.345,6.66701
0.157421,4.38159,29.3426,6.69679
0.192404,4.36179,29.3394,6.72645
0.227386,4.34212,29.3353,6.75599
0.262369,4.32259,29.3304,6.78538
0.297351,4.30322,29.3247,6.8146
0.332334,4.284,29.3182,6.84364
0.367316,4.26498,29.3109,6.87247
0.402299,4.24616,29.3029,6.90104
0.437281,4.22757,29.2942,6.92933
0.472264,4.20924,29.2848,6.95728
0.507246,4.19121,29.2749,6.98483
0.542229,4.17352,29.2644,7.01193
0.577211,4.15621,29.2534,7.03848
0.612194,4.13935,29.2421,7.06441
0.647176,4.12301,29.2305,7.0896
0.682159,4.10723,29.2187,7.11395
0.717141,4.09211,29.2068,7.13735
0.752124,4.07771,29.195,7.15967
0.787106,4.0641,29.1834,7.18079
0.822089,4.05135,29.1722,7.20061
0.857071,4.03953,29.1614,7.21902
0.892054,4.02866,29.1513,7.23596
0.927036,4.01879,29.1418,7.25138
0.962019,4.00993,29.1331,7.26523
0.997001,4.00208,29.1252,7.27752
1.03198,3.99521,29.1182,7.28828
1.06697,3.98928,29.1121,7.29757
1.10195,3.98425,29.1068,7.30546
1.13693,3.98005,29.1024,7.31206
1.17191,3.9766,29.0987,7.31749
1.2069,3.97381,29.0957,7.32187
1.24188,3.9716,29.0933,7.32534
1.27686,3.96988,29.0914,7.32804
1.31184,3.96856,29.09,7.33011
1.34683,3.96756,29.0889,7.33169
1.38181,3.96679,29.088,7.33288
1.41679,3.96621,29.0873,7.33378
1.45177,3.96576,29.0868,7.33449
1.48676,3.96539,29.0864,7.33507
1.52174,3.96507,29.086,7.33556
1.55672,3.9648,29.0858,7.336
1.5917,3.96455,29.0855,7.33639
1.62669,3.96432,29.0853,7.33676
1.66167,3.96411,29.0851,7.3371
1.69665,3.96392,29.0849,7.33741
1.73163,3.96374,29.0847,7.33768
1.76662,3.96358,29.0845,7.33793
1.8016,3.96345,29.0843,7.33814
1.83658,3.96334,29.0842,7.33832
1.87156,3.96325,29.0841,7.33844
1.90655,3.96319,29.084,7.33853
1.94153,3.96316,29.084,7.33858
1.97651,3.96314,29.0839,7.33862
2.01149,3.96312,29.0839,7.33865
2.04648,3.96309,29.0839,7.33869
2.08146,3.96306,29.0839,7.33873
2.11644,3.96303,29.0838,7.33879
2.15142,3.96299,29.0838,7.33885
2.18641,3.96294,29.0837,7.33892
2.22139,3.96289,29.0837,7.339
2.25637,3.96285,29.0836,7.33907
2.29135,3.9628,29.0836,7.33914
2.32634,3.96276,29.0835,7.33921
2.36132,3.96272,29.0835,7.33926
2.3963,3.96269,29.0834,7.33931
2.43128,3.96267,29.0834,7.33935
2.46627,3.96265,29.0834,7.33937
2.50125,3.96264,29.0834,7.33939
2.53623,3.96264,29.0833,7.33939
2.57121,3.96263,29.0833,7.3394
2.6062,3.96263,29.0833,7.33939
2.64118,3.96264,29.0833,7.33939
2.67616,3.96264,29.0833,7.33939
2.71114,3.96264,29.0833,7.33938
2.74613,3.96263,29.0833,7.3394
2.78111,3.96256,29.0832,7.3395
2.81609,3.96249,29.0832,7.33962
2.85107,3.96242,29.0831,7.33973
2.88606,3.96236,29.083,7.33983
2.92104,3.9623,29.0829,7.33991
2.95602,3.96226,29.0829,7.33997
2.991,3.96223,29.0828,7.34002
3.02599,3.96221,29.0828,7.34005
3.06097,3.9622,29.0828,7.34006
3.09595,3.9622,29.0828,7.34007
3.13093,3.96219,29.0828,7.34007
3.16592,3.96219,29.0828,7.34007
3.2009,3.9622,29.0828,7.34006
3.23588,3.9622,29.0828,7.34006
3.27086,3.9622,29.0828,7.34005
3.30585,3.9622,29.0827,7.34005
3.34083,3.9622,29.0827,7.34005
3.37581,3.96219,29.0827,7.34006
3.41079,3.96217,29.0827,7.34008
3.44578,3.96217,29.0826,7.34009
3.48076,3.96216,29.0826,7.34009
3.51574,3.96216,29.0826,7.3401
3.55072,3.96216,29.0826,7.3401
3.58571,3.96216,29.0826,7.3401
3.62069,3.96216,29.0826,7.3401
3.65567,3.96216,29.0826,7.3401
3.69065,3.96216,29.0827,7.3401
3.72564,3.96215,29.0827,7.34013
3.76062,3.96212,29.0826,7.34017
3.7956,3.9621,29.0826,7.34021
3.83058,3.96208,29.0826,7.34024
3.86557,3.96207,29.0826,7.34026
3.90055,3.96206,29.0826,7.34026
3.93553,3.96206,29.0825,7.34026
3.97051,3.96206,29.0825,7.34024
4.0055,3.96209,29.0825,7.3402
4.04048,3.96211,29.0825,7.34015
4.07546,3.96213,29.0825,7.34011
4.11044,3.96214,29.0825,7.34009
4.14543,3.96214,29.0825,7.34009
4.18041,3.96214,29.0825,7.34009
4.21539,3.9621,29.0824,7.34016
4.25037,3.96203,29.0823,7.34027
4.28536,3.96196,29.0823,7.34037
4.32034,3.96191,29.0822,7.34045
4.35532,3.96188,29.0822,7.3405
4.3903,3.96186,29.0821,7.34053
4.42529,3.96185,29.0821,7.34054
4.46027,3.96185,29.0821,7.34054
4.49525,3.96186,29.0821,7.34051
4.53023,3.9619,29.0821,7.34045
4.56522,3.96193,29.0821,7.3404
4.6002,3.96195,29.0821,7.34037
4.63518,3.96196,29.0821,7.34035
4.67016,3.96196,29.0821,7.34035
4.70515,3.96193,29.0821,7.34038
4.74013,3.96185,29.082,7.34051
4.77511,3.96177,29.0819,7.34063
4.81009,3.9617,29.0818,7.34074
4.84508,3.96165,29.0817,7.34081
4.88006,3.96163,29.0817,7.34084
4.91504,3.96161,29.0816,7.34086
4.95002,3.96161,29.0816,7.34086
4.98501,3.96164,29.0817,7.34082
5.01999,3.9617,29.0817,7.34072
5.05497,3.96176,29.0817,7.34062
5.08996,3.96181,29.0818,7.34054
5.12494,3.96184,29.0818,7.34048
5.15992,3.96187,29.0818,7.34043
5.1949,3.96189,29.0818,7.3404
5.22989,3.96189,29.0818,7.34038
5.26487,3.9619,29.0818,7.34037
5.29985,3.9619,29.0818,7.34037
5.33483,3.9619,29.0818,7.34036
5.36982,3.96189,29.0817,7.34037
5.4048,3.96187,29.0817,7.34039
5.43978,3.96186,29.0816,7.3404
5.47476,3.96183,29.0815,7.34042
5.50975,3.96181,29.0814,7.34043
5.54473,3.96179,29.0813,7.34045
5.57971,3.96176,29.0812,7.34046
5.61469,3.96175,29.0811,7.34047
5.64968,3.96174,29.0811,7.34049
5.68466,3.96174,29.0811,7.34049
5.71964,3.96177,29.0812,7.34045
5.75462,3.96184,29.0813,7.34035
5.78961,3.96191,29.0815,7.34026
5.82459,3.96198,29.0817,7.3402
5.85957,3.96203,29.0819,7.34016
5.89455,3.96205,29.0819,7.34013
5.92954,3.96205,29.0819,7.34013
5.96452,3.96196,29.0818,7.34027
5.9995,3.96177,29.0816,7.34055
6.03448,3.96161,29.0813,7.34078
6.06947,3.9615,29.0809,7.34089
6.10445,3.96146,29.0806,7.34089
6.13943,3.96146,29.0804,7.34083
6.17441,3.96153,29.0804,7.34069
6.2094,3.96162,29.0804,7.34052
6.24438,3.96167,29.0804,7.34043
6.27936,3.96169,29.0804,7.3404
6.31434,3.96169,29.0804,7.34041
6.34933,3.96169,29.0805,7.34042
6.38431,3.96175,29.0806,7.34034
6.41929,3.96183,29.0807,7.34022
6.45427,3.96189,29.0808,7.34013
6.48926,3.96189,29.0808,7.34012
6.52424,3.96187,29.0807,7.34015
6.55922,3.96166,29.0805,7.34047
6.5942,3.9615,29.0802,7.3407
6.62919,3.96147,29.0801,7.34072
6.66417,3.96151,29.0801,7.34065
6.69915,3.96185,29.0804,7.3401
6.73413,3.9621,29.0806,7.3397
6.76912,3.9621,29.0806,7.33969
6.8041,3.96177,29.0802,7.34021
6.83908,3.96125,29.0796,7.34101
6.87406,3.96096,29.0791,7.34144
6.90905,3.96096,29.0791,7.34142
6.94403,3.96118,29.0791,7.34103
6.97901,3.96137,29.0791,7.34068
7.01399,3.96137,29.0791,7.34066
7.04898,3.96161,29.0791,7.34024
7.08396,3.96225,29.0797,7.33919
7.11894,3.96272,29.0801,7.33841
7.15392,3.96304,29.0804,7.33791
7.18891,3.96385,29.0809,7.33652
7.22389,3.96322,29.0808,7.33768
7.25887,3.94443,29.072,7.37039
7.29385,3.90319,28.9487,7.41668
7.32884,3.68458,26.7457,7.25883
7.36382,2.62554,14.3738,5.47462
7.3988,1.18012,1.81185,1.53531
7.43378,1.02029,0.0502354,0.0492362
7.46877,0.993861,0.00178391,0.00179493
7.50375,0.999754,-0.00132348,-0.0013238
7.53873,0.999984,-8.43728e-07,-8.43742e-07
7.57371,1,1.7847e-06,1.78469e-06
7.6087,1,5.20459e-07,5.20459e-07
7.64368,1,-5.06962e-08,-5.06962e-08
7.67866,1,-3.61063e-09,-3.61063e-09
7.71364,1,-2.97231e-10,-2.97231e-10
7.74863,1,4.20102e-11,4.20102e-11
7.78361,1,2.85084e-12,2.85084e-12
7.81859,1,8.92031e-14,8.92031e-14
7.85357,1,-8.7686e-15,-8.7686e-15
7.88856,1,-4.15091e-16,-4.15091e-16
7.92354,1,-1.1019e-17,-1.1019e-17
7.95852,1,0,0
7.9935,1,0,0
8.02849,1,0,0
8.06347,1,0,0
8.09845,1,0,0
8.13343,1,0,0
8.16842,1,0,0
8.2034,1,0,0
8.23838,1,0,0
8.27336,1,0,0
8.30835,1,0,0
8.34333,1,0,0
8.37831,1,0,0
8.41329,1,0,0
8.44828,1,0,0
8.48326,1,0,0
8.51824,1,0,0
8.55322,1,0,0
8.58821,1,0,0
8.62319,1,0,0
8.65817,1,0,0
8.69315,1,0,0
8.72814,1,0,0
8.76312,1,0,0
8.7981,1,0,0
8.83308,1,0,0
8.86807,1,0,0
8.90305,1,0,0
8.93803,1,0,0
8.97301,1,0,0
9.008,1,0,0
9.04298,1,0,0
9.07796,1,0,0
9.11294,1,0,0
9.14793,1,0,0
9.18291,1,0,0
9.21789,1,0,0
9.25287,1,0,0
9.28786,1,0,0
9.32284,1,0,0
9.35782,1,0,0
9.3928,1,0,0
9.42779,1,0,0
9.46277,1,0,0
9.49775,1,0,0
9.53273,1,0,0
9.56772,1,0,0
9.6027,1,0,0
9.63768,1,0,0
9.67266,1,0,0
9.70765,1,0,0
9.74263,1,0,0
9.77761,1,0,0
9.81259,1,0,0
9.84758,1,0,0
9.88256,1,0,0
9.91754,1,0,0
9.95252,1,0,0
9.98751,1,0,0
10.0225,1,0,0
10.0575,1,0,0
10.0925,1,0,0
10.1274,1,0,0
10.1624,1,0,0
10.1974,1,0,0
10.2324,1,0,0
10.2674,1,0,0
10.3023,1,0,0
10.3373,1,0,0
10.3723,1,0,0
10.4073,1,0,0
10.4423,1,0,0
10.4773,1,0,0
10.5122,1,0,0
10.5472,1,0,0
10.5822,1,0,0
10.6172,1,0,0
10.6522,1,0,0
10.6872,1,0,0
10.7221,1,0,0
10.7571,1,0,0
10.7921,1,0,0
10.8271,1,0,0
10.8621,1,0,0
10.8971,1,0,0
10.932,1,0,0
10.967,1,0,0
11.002,1,0,0
11.037,1,0,0
11.072,1,0,0
11.1069,1,0,0
11.1419,1,0,0
11.1769,1,0,0
11.2119,1,0,0
11.2469,1,0,0
11.2819,1,0,0
11.3168,1,0,0
11.3518,1,0,0
11.3868,1,0,0
11.4218,1,0,0
11.4568,1,0,0
11.4918,1,0,0
11.5267,1,0,0
11.5617,1,0,0
11.5967,1,0,0
11.6317,1,0,0
11.6667,1,0,0
11.7016,1,0,0
11.7366,1,0,0
11.7716,1,0,0
11.8066,1,0,0
11.8416,1,0,0
11.8766,1,0,0
11.9115,1,0,0
11.9465,1,0,0
11.9815,1,0,0
12.0165,1,0,0
12.0515,1,0,0
12.0865,1,0,0
12.1214,1,0,0
12.1564,1,0,0
12.1914,1,0,0
12.2264,1,0,0
12.2614,1,0,0
12.2964,1,0,0
12.3313,1,0,0
12.3663,1,0,0
12.4013,1,0,0
12.4363,1,0,0
12.4713,1,0,0
12.5062,1,0,0
12.5412,1,0,0
12.5762,1,0,0
12.6112,1,0,0
12.6462,1,0,0
12.6812,1,0,0
12.7161,1,0,0
12.7511,1,0,0
12.7861,1,0,0
12.8211,1,0,0
12.8561,1,0,0
12.8911,1,0,0
12.926,1,0,0
12.961,1,0,0
12.996,1,0,0
13.031,1,0,0
13.066,1,0,0
13.1009,1,0,0
13.1359,1,0,0
13.1709,1,0,0
13.2059,1,0,0
13.2409,1,0,0
13.2759,1,0,0
13.3108,1,0,0
13.3458,1,0,0
13.3808,1,0,0
13.4158,1,0,0
13.4508,1,0,0
13.4858,1,0,0
13.5207,1,0,0
13.5557,1,0,0
13.5907,1,0,0
13.6257,1,0,0
13.6607,1,0,0
13.6957,1,0,0
13.7306,1,0,0
13.7656,1,0,0
13.8006,1,0,0
13.8356,1,0,0
13.8706,1,0,0
13.9055,1,0,0
13.9405,1,0,0
13.9755,1,0,0
14.0105,1,0,0
14.0455,1,0,0
14.0805,1,0,0
14.1154,1,0,0
14.1504,1,0,0
14.1854,1,0,0
14.2204,1,0,0
14.2554,1,0,0
14.2904,1,0,0
14.3253,1,0,0
14.3603,1,0,0
14.3953,1,0,0
14.4303,1,0,0
14.4653,1,0,0
14.5002,1,0,0
14.5352,1,0,0
14.5702,1,0,0
14.6052,1,0,0
14.6402,1,0,0
14.6752,1,0,0
14.7101,1,0,0
14.7451,1,0,0
14.7801,1,0,0
14.8151,1,0,0
14.8501,1,0,0
14.8851,1,0,0
14.92,1,0,0
14.955,1,0,0
14.99,1,0,0
15.025,1,0,0
15.06,1,0,0
15.095,1,0,0
15.1299,1,0,0
15.1649,1,0,0
15.1999,1,0,0
15.2349,1,0,0
15.2699,1,0,0
15.3048,1,0,0
15.3398,1,0,0
15.3748,1,0,0
15.4098,1,0,0
15.4448,1,0,0
15.4798,1,0,0
15.5147,1,0,0
15.5497,1,0,0
15.5847,1,0,0
15.6197,1,0,0
15.6547,1,0,0
15.6897,1,0,0
15.7246,1,0,0
15.7596,1,0,0
15.7946,1,0,0
15.8296,1,0,0
15.8646,1,0,0
15.8996,1,0,0
15.9345,1,0,0
15.9695,1,0,0
16.0045,1,0,0
16.0395,1,0,0
16.0745,1,0,0
16.1094,1,0,0
16.1444,1,0,0
16.1794,1,0,0
16.2144,1,0,0
16.2494,1,0,0
16.2844,1,0,0
16.3193,1,0,0
16.3543,1,0,0
16.3893,1,0,0
16.4243,1,0,0
16.4593,1,0,0
16.4943,1,0,0
16.5292,1,0,0
16.5642,1,0,0
16.5992,1,0,0
16.6342,1,0,0
16.6692,1,0,0
16.7041,1,0,0
16.7391,1,0,0
16.7741,1,0,0
16.8091,1,0,0
16.8441,1,0,0
16.8791,1,0,0
16.914,1,0,0
16.949,1,0,0
16.984,1,0,0
17.019,1,0,0
17.054,1,0,0
17.089,1,0,0
17.1239,1,0,0
17.1589,1,0,0
17.1939,1,0,0
17.2289,1,0,0
17.2639,1,0,0
17.2989,1,0,0
17.3338,1,0,0
17.3688,1,0,0
17.4038,1,0,0
17.4388,1,0,0
17.4738,1,0,0
17.5087,1,0,0
17.5437,1,0,0
17.5787,1,0,0
17.6137,1,0,0
17.6487,1,0,0
17.6837,1,0,0
17.7186,1,0,0
17.7536,1,0,0
17.7886,1,0,0
17.8236,1,0,0
17.8586,1,0,0
17.8936,1,0,0
17.9285,1,0,0
17.9635,1,0,0
17.9985,1,0,0
18.0335,1,0,0
18.0685,1,0,0
18.1034,1,0,0
18.1384,1,0,0
18.1734,1,0,0
18.2084,1,0,0
18.2434,1,0,0
18.2784,1,0,0
18.3133,1,0,0
18.3483,1,0,0
18.3833,1,0,0
18.4183,1,0,0
18.4533,1,0,0
18.4883,1,0,0
18.5232,1,0,0
18.5582,1,0,0
18.5932,1,0,0
18.6282,1,0,0
18.6632,1,0,0
18.6982,1,0,0
18.7331,1,0,0
18.7681,1,0,0
18.8031,1,0,0
18.8381,1,0,0
18.8731,1,0,0
18.908,1,0,0
18.943,1,0,0
18.978,1,0,0
19.013,1,0,0
19.048,1,0,0
19.083,1,0,0
19.1179,1,0,0
19.1529,1,0,0
19.1879,1,0,0
19.2229,1,0,0
19.2579,1,0,0
19.2929,1,0,0
19.3278,1,0,0
19.3628,1,0,0
19.3978,1,0,0
19.4328,1,0,0
19.4678,1,0,0
19.5027,1,0,0
19.5377,1,0,0
19.5727,1,0,0
19.6077,1,0,0
19.6427,1,0,0
19.6777,1,0,0
19.7126,1,0,0
19.7476,1,0,0
19.7826,1,0,0
19.8176,1,0,0
19.8526,1,0,0
19.8876,1,0,0
19.9225,1,0,0
19.9575,1,0,0
19.9925,1,0,0
20.0275,1,0,0
20.0625,1,0,0
20.0975,1,0,0
20.1324,1,0,0
20.1674,1,0,0
20.2024,1,0,0
20.2374,1,0,0
20.2724,1,0,0
20.3073,1,0,0
20.3423,1,0,0
20.3773,1,0,0
20.4123,1,0,0
20.4473,1,0,0
20.4823,1,0,0
20.5172,1,0,0
20.5522,1,0,0
20.5872,1,0,0
20.6222,1,0,0
20.6572,1,0,0
20.6922,1,0,0
20.7271,1,0,0
20.7621,1,0,0
20.7971,1,0,0
20.8321,1,0,0
20.8671,1,0,0
20.902,1,0,0
20.937,1,0,0
20.972,1,0,0
21.007,1,0,0
21.042,1,0,0
21.077,1,0,0
21.1119,1,0,0
21.1469,1,0,0
21.1819,1,0,0
21.2169,1,0,0
21.2519,1,0,0
21.2869,1,0,0
21.3218,1,0,0
21.3568,1,0,0
21.3918,1,0,0
21.4268,1,0,0
21.4618,1,0,0
21.4968,1,0,0
21.5317,1,0,0
21.5667,1,0,0
21.6017,1,0,0
21.6367,1,0,0
21.6717,1,0,0
21.7066,1,0,0
21.7416,1,0,0
21.7766,1,0,0
21.8116,1,0,0
21.8466,1,0,0
21.8816,1,0,0
21.9165,1,0,0
21.9515,1,0,0
21.9865,1,0,0
22.0215,1,0,0
22.0565,1,0,0
22.0915,1,0,0
22.1264,1,0,0
22.1614,1,0,0
22.1964,1,0,0
22.2314,1,0,0
22.2664,1,0,0
22.3013,1,0,0
22.3363,1,0,0
22.3713,1,0,0
22.4063,1,0,0
22.4413,1,0,0
22.4763,1,0,0
22.5112,1,0,0
22.5462,1,0,0
22.5812,1,0,0
22.6162,1,0,0
22.6512,1,0,0
22.6862,1,0,0
22.7211,1,0,0
22.7561,1,0,0
22.7911,1,0,0
22.8261,1,0,0
22.8611,1,0,0
22.8961,1,0,0
22.931,1,0,0
22.966,1,0,0
23.001,1,0,0
23.036,1,0,0
23.071,1,0,0
23.1059,1,0,0
23.1409,1,0,0
23.1759,1,0,0
23.2109,1,0,0
23.2459,1,0,0
23.2809,1,0,0
23.3158,1,0,0
23.3508,1,0,0
23.3858,1,0,0
23.4208,1,0,0
23.4558,1,0,0
23.4908,1,0,0
23.5257,1,0,0
23.5607,1,0,0
23.5957,1,0,0
23.6307,1,0,0
23.6657,1,0,0
23.7006,1,0,0
23.7356,1,0,0
23.7706,1,0,0
23.8056,1,0,0
23.8406,1,0,0
23.8756,1,0,0
23.9105,1,0,0
23.9455,1,0,0
23.9805,1,0,0
24.0155,1,0,0
24.0505,1,0,0
24.0855,1,0,0
24.1204,1,0,0
24.1554,1,0,0
24.1904,1,0,0
24.2254,1,0,0
24.2604,1,0,0
24.2954,1,0,0
24.3303,1,0,0
24.3653,1,0,0
24.4003,1,0,0
24.4353,1,0,0
24.4703,1,0,0
24.5052,1,0,0
24.5402,1,0,0
24.5752,1,0,0
24.6102,1,0,0
24.6452,1,0,0
24.6802,1,0,0
24.7151,1,0,0
24.7501,1,0,0
24.7851,1,0,0
24.8201,1,0,0
24.8551,1,0,0
24.8901,1,0,0
24.925,1,0,0
24.96,1,0,0
24.995,1,0,0
25.03,1,0,0
25.065,1,0,0
25.1,1,0,0
25.1349,1,0,0
25.1699,1,0,0
25.2049,1,0,0
25.2399,1,0,0
25.2749,1,0,0
25.3098,1,0,0
25.3448,1,0,0
25.3798,1,0,0
25.4148,1,0,0
25.4498,1,0,0
25.4848,1,0,0
25.5197,1,0,0
25.5547,1,0,0
25.5897,1,0,0
25.6247,1,0,0
25.6597,1,0,0
25.6947,1,0,0
25.7296,1,0,0
25.7646,1,0,0
25.7996,1,0,0
25.8346,1,0,0
25.8696,1,0,0
25.9045,1,0,0
25.9395,1,0,0
25.9745,1,0,0
26.0095,1,0,0
26.0445,1,0,0
26.0795,1,0,0
26.1144,1,0,0
26.1494,1,0,0
26.1844,1,0,0
26.2194,1,0,0
26.2544,1,0,0
26.2894,1,0,0
26.3243,1,0,0
26.3593,1,0,0
26.3943,1,0,0
26.4293,1,0,0
26.4643,1,0,0
26.4993,1,0,0
26.5342,1,0,0
26.5692,1,0,0
26.6042,1,0,0
26.6392,1,0,0
26.6742,1,0,0
26.7091,1,0,0
26.7441,1,0,0
26.7791,1,0,0
26.8141,1,0,0
26.8491,1,0,0
26.8841,1,0,0
26.919,1,0,0
26.954,1,0,0
26.989,1,0,0
27.024,1,0,0
27.059,1,0,0
27.094,1,0,0
27.1289,1,0,0
27.1639,1,0,0
27.1989,1,0,0
27.2339,1,0,0
27.2689,1,0,0
27.3038,1,0,0
27.3388,1,0,0
27.3738,1,0,0
27.4088,1,0,0
27.4438,1,0,0
27.4788,1,0,0
27.5137,1,0,0
27.5487,1,0,0
27.5837,1,0,0
27.6187,1,0,0
27.6537,1,0,0
27.6887,1,0,0
27.7236,1,0,0
27.7586,1,0,0
27.7936,1,0,0
27.8286,1,0,0
27.8636,1,0,0
27.8986,1,0,0
27.9335,1,0,0
27.9685,1,0,0
28.0035,1,0,0
28.0385,1,0,0
28.0735,1,0,0
28.1084,1,0,0
28.1434,1,0,0
28.1784,1,0,0
28.2134,1,0,0
28.2484,1,0,0
28.2834,1,0,0
28.3183,1,0,0
28.3533,1,0,0
28.3883,1,0,0
28.4233,1,0,0
28.4583,1,0,0
28.4933,1,0,0
28.5282,1,0,0
28.5632,1,0,0
28.5982,1,0,0
28.6332,1,0,0
28.6682,1,0,0
28.7031,1,0,0
28.7381,1,0,0
28.7731,1,0,0
28.8081,1,0,0
28.8431,1,0,0
28.8781,1,0,0
28.913,1,0,0
28.948,1,0,0
28.983,1,0,0
29.018,1,0,0
29.053,1,0,0
29.088,1,0,0
29.1229,1,0,0
29.1579,1,0,0
29.1929,1,0,0
29.2279,1,0,0
29.2629,1,0,0
29.2979,1,0,0
29.3328,1,0,0
29.3678,1,0,0
29.4028,1,0,0
29.4378,1,0,0
29.4728,1,0,0
29.5077,1,0,0
29.5427,1,0,0
29.5777,1,0,0
29.6127,1,0,0
29.6477,1,0,0
29.6827,1,0,0
29.7176,1,0,0
29.7526,1,0,0
29.7876,1,0,0
29.8226,1,0,0
29.8576,1,0,0
29.8926,1,0,0
29.9275,1,0,0
29.9625,1,0,0
29.9975,1,0,0
30.0325,1,0,0
30.0675,1,0,0
30.1024,1,0,0
30.1374,1,0,0
30.1724,1,0,0
30.2074,1,0,0
30.2424,1,0,0
30.2774,1,0,0
30.3123,1,0,0
30.3473,1,0,0
30.3823,1,0,0
30.4173,1,0,0
30.4523,1,0,0
30.4873,1,0,0
30.5222,1,0,0
30.5572,1,0,0
30.5922,1,0,0
30.6272,1,0,0
30.6622,1,0,0
30.6972,1,0,0
30.7321,1,0,0
30.7671,1,0,0
30.8021,1,0,0
30.8371,1,0,0
30.8721,1,0,0
30.907,1,0,0
30.942,1,0,0
30.977,1,0,0
31.012,1,0,0
31.047,1,0,0
31.082,1,0,0
31.1169,1,0,0
31.1519,1,0,0
31.1869,1,0,0
31.2219,1,0,0
31.2569,1,0,0
31.2919,1,0,0
31.3268,1,0,0
31.3618,1,0,0
31.3968,1,0,0
31.4318,1,0,0
31.4668,1,0,0
31.5017,1,0,0
31.5367,1,0,0
31.5717,1,0,0
31.6067,1,0,0
31.6417,1,0,0
31.6767,1,0,0
31.7116,1,0,0
31.7466,1,0,0
31.7816,1,0,0
31.8166,1,0,0
31.8516,1,0,0
31.8866,1,0,0
31.9215,1,0,0
31.9565,1,0,0
31.9915,1,0,0
32.0265,1,0,0
32.0615,1,0,0
32.0965,1,0,0
32.1314,1,0,0
32.1664,1,0,0
32.2014,1,0,0
32.2364,1,0,0
32.2714,1,0,0
32.3063,1,0,0
32.3413,1,0,0
32.3763,1,0,0
32.4113,1,0,0
32.4463,1,0,0
32.4813,1,0,0
32.5162,1,0,0
32.5512,1,0,0
32.5862,1,0,0
32.6212,1,0,0
32.6562,1,0,0
32.6912,1,0,0
32.7261,1,0,0
32.7611,1,0,0
32.7961,1,0,0
32.8311,1,0,0
32.8661,1,0,0
32.901,1,0,0
32.936,1,0,0
32.971,1,0,0
33.006,1,0,0
33.041,1,0,0
33.076,1,0,0
33.1109,1,0,0
33.1459,1,0,0
33.1809,1,0,0
33.2159,1,0,0
33.2509,1,0,0
33.2859,1,0,0
33.3208,1,0,0
33.3558,1,0,0
33.3908,1,0,0
33.4258,1,0,0
33.4608,1,0,0
33.4958,1,0,0
33.5307,1,0,0
33.5657,1,0,0
33.6007,1,0,0
33.6357,1,0,0
33.6707,1,0,0
33.7056,1,0,0
33.7406,1,0,0
33.7756,1,0,0
33.8106,1,0,0
33.8456,1,0,0
33.8806,1,0,0
33.9155,1,0,0
33.9505,1,0,0
33.9855,1,0,0
34.0205,1,0,0
34.0555,1,0,0
34.0905,1,0,0
34.1254,1,0,0
34.1604,1,0,0
34.1954,1,0,0
34.2304,1,0,0
34.2654,1,0,0
34.3003,1,0,0
34.3353,1,0,0
34.3703,1,0,0
34.4053,1,0,0
34.4403,1,0,0
34.4753,1,0,0
34.5102,1,0,0
34.5452,1,0,0
34.5802,1,0,0
34.6152,1,0,0
34.6502,1,0,0
34.6852,1,0,0
34.7201,1,0,0
34.7551,1,0,0
34.7901,1,0,0
34.8251,1,0,0
34.8601,1,0,0
34.8951,1,0,0
34.93,1,0,0
34.965,1,0,0
35,1,0,0
35.035,1,0,0
35.07,1,0,0
35.1049,1,0,0
35.1399,1,0,0
35.1749,1,0,0
35.2099,1,0,0
35.2449,1,0,0
35.2799,1,0,0
35.3148,1,0,0
35.3498,1,0,0
35.3848,1,0,0
35.4198,1,0,0
35.4548,1,0,0
35.4898,1,0,0
35.5247,1,0,0
35.5597,1,0,0
35.5947,1,0,0
35.6297,1,0,0
35.6647,1,0,0
35.6997,1,0,0
35.7346,1,0,0
35.7696,1,0,0
35.8046,1,0,0
35.8396,1,0,0
35.8746,1,0,0
35.9095,1,0,0
35.9445,1,0,0
35.9795,1,0,0
36.0145,1,0,0
36.0495,1,0,0
36.0845,1,0,0
36.1194,1,0,0
36.1544,1,0,0
36.1894,1,0,0
36.2244,1,0,0
36.2594,1,0,0
36.2944,1,0,0
36.3293,1,0,0
36.3643,1,0,0
36.3993,1,0,0
36.4343,1,0,0
36.4693,1,0,0
36.5042,1,0,0
36.5392,1,0,0
36.5742,1,0,0
36.6092,1,0,0
36.6442,1,0,0
36.6792,1,0,0
36.7141,1,0,0
36.7491,1,0,0
36.7841,1,0,0
36.8191,1,0,0
36.8541,1,0,0
36.8891,1,0,0
36.924,1,0,0
36.959,1,0,0
36.994,1,0,0
37.029,1,0,0
37.064,1,0,0
37.099,1,0,0
37.1339,1,0,0
37.1689,1,0,0
37.2039,1,0,0
37.2389,1,0,0
37.2739,1,0,0
37.3088,1,0,0
37.3438,1,0,0
37.3788,1,0,0
37.4138,1,0,0
37.4488,1,0,0
37.4838,1,0,0
37.5187,1,0,0
37.5537,1,0,0
37.5887,1,0,0
37.6237,1,0,0
37.6587,1,0,0
37.6937,1,0,0
37.7286,1,0,0
37.7636,1,0,0
37.7986,1,0,0
37.8336,1,0,0
37.8686,1,0,0
37.9035,1,0,0
37.9385,1,0,0
37.9735,1,0,0
38.0085,1,0,0
38.0435,1,0,0
38.0785,1,0,0
38.1134,1,0,0
38.1484,1,0,0
38.1834,1,0,0
38.2184,1,0,0
38.2534,1,0,0
38.2884,1,0,0
38.3233,1,0,0
38.3583,1,0,0
38.3933,1,0,0
38.4283,1,0,0
38.4633,1,0,0
38.4983,1,0,0
38.5332,1,0,0
38.5682,1,0,0
38.6032,1,0,0
38.6382,1,0,0
38.6732,1,0,0
38.7081,1,0,0
38.7431,1,0,0
38.7781,1,0,0
38.8131,1,0,0
38.8481,1,0,0
38.8831,1,0,0
38.918,1,0,0
38.953,1,0,0
38.988,1,0,0
39.023,1,0,0
39.058,1,0,0
39.093,1,0,0
39.1279,1,0,0
39.1629,1,0,0
39.1979,1,0,0
39.2329,1,0,0
39.2679,1,0,0
39.3028,1,0,0
39.3378,1,0,0
39.3728,1,0,0
39.4078,1,0,0
39.4428,1,0,0
39.4778,1,0,0
39.5127,1,0,0
39.5477,1,0,0
39.5827,1,0,0
39.6177,1,0,0
39.6527,1,0,0
39.6877,1,0,0
39.7226,1,0,0
39.7576,1,0,0
39.7926,1,0,0
39.8276,1,0,0
39.8626,1,0,0
39.8976,1,0,0
39.9325,1,0,0
39.9675,1,0,0
40.0025,1,0,0
40.0375,1,0,0
40.0725,1,0,0
40.1074,1,0,0
40.1424,1,0,0
40.1774,1,0,0
40.2124,1,0,0
40.2474,1,0,0
40.2824,1,0,0
40.3173,1,0,0
40.3523,1,0,0
40.3873,1,0,0
40.4223,1,0,0
40.4573,1,0,0
40.4923,1,0,0
40.5272,1,0,0
40.5622,1,0,0
40.5972,1,0,0
40.6322,1,0,0
40.6672,1,0,0
40.7021,1,0,0
40.7371,1,0,0
40.7721,1,0,0
40.8071,1,0,0
40.8421,1,0,0
40.8771,1,0,0
40.912,1,0,0
40.947,1,0,0
40.982,1,0,0
41.017,1,0,0
41.052,1,0,0
41.087,1,0,0
41.1219,1,0,0
41.1569,1,0,0
41.1919,1,0,0
41.2269,1,0,0
41.2619,1,0,0
41.2969,1,0,0
41.3318,1,0,0
41.3668,1,0,0
41.4018,1,0,0
41.4368,1,0,0
41.4718,1,0,0
41.5067,1,0,0
41.5417,1,0,0
41.5767,1,0,0
41.6117,1,0,0
41.6467,1,0,0
41.6817,1,0,0
41.7166,1,0,0
41.7516,1,0,0
41.7866,1,0,0
41.8216,1,0,0
41.8566,1,0,0
41.8916,1,0,0
41.9265,1,0,0
41.9615,1,0,0
41.9965,1,0,0
42.0315,1,0,0
42.0665,1,0,0
42.1014,1,0,0
42.1364,1,0,0
42.1714,1,0,0
42.2064,1,0,0
42.2414,1,0,0
42.2764,1,0,0
42.3113,1,0,0
42.3463,1,0,0
42.3813,1,0,0
42.4163,1,0,0
42.4513,1,0,0
42.4863,1,0,0
42.5212,1,0,0
42.5562,1,0,0
42.5912,1,0,0
42.6262,1,0,0
42.6612,1,0,0
42.6962,1,0,0
42.7311,1,0,0
42.7661,1,0,0
42.8011,1,0,0
42.8361,1,0,0
42.8711,1,0,0
42.906,1,0,0
42.941,1,0,0
42.976,1,0,0
43.011,1,0,0
43.046,1,0,0
43.081,1,0,0
43.1159,1,0,0
43.1509,1,0,0
43.1859,1,0,0
43.2209,1,0,0
43.2559,1,0,0
43.2909,1,0,0
43.3258,1,0,0
43.3608,1,0,0
43.3958,1,0,0
43.4308,1,0,0
43.4658,1,0,0
43.5007,1,0,0
43.5357,1,0,0
43.5707,1,0,0
43.6057,1,0,0
43.6407,1,0,0
43.6757,1,0,0
43.7106,1,0,0
43.7456,1,0,0
43.7806,1,0,0
43.8156,1,0,0
43.8506,1,0,0
43.8856,1,0,0
43.9205,1,0,0
43.9555,1,0,0
43.9905,1,0,0
44.0255,1,0,0
44.0605,1,0,0
44.0955,1,0,0
44.1304,1,0,0
44.1654,1,0,0
44.2004,1,0,0
44.2354,1,0,0
44.2704,1,0,0
44.3053,1,0,0
44.3403,1,0,0
44.3753,1,0,0
44.4103,1,0,0
44.4453,1,0,0
44.4803,1,0,0
44.5152,1,0,0
44.5502,1,0,0
44.5852,1,0,0
44.6202,1,0,0
44.6552,1,0,0
44.6902,1,0,0
44.7251,1,0,0
44.7601,1,0,0
44.7951,1,0,0
44.8301,1,0,0
44.8651,1,0,0
44.9,1,0,0
44.935,1,0,0
44.97,1,0,0
45.005,1,0,0
45.04,1,0,0
45.075,1,0,0
45.1099,1,0,0
45.1449,1,0,0
45.1799,1,0,0
45.2149,1,0,0
45.2499,1,0,0
45.2849,1,0,0
45.3198,1,0,0
45.3548,1,0,0
45.3898,1,0,0
45.4248,1,0,0
45.4598,1,0,0
45.4948,1,0,0
45.5297,1,0,0
45.5647,1,0,0
45.5997,1,0,0
45.6347,1,0,0
45.6697,1,0,0
45.7046,1,0,0
45.7396,1,0,0
45.7746,1,0,0
45.8096,1,0,0
45.8446,1,0,0
45.8796,1,0,0
45.9145,1,0,0
45.9495,1,0,0
45.9845,1,0,0
46.0195,1,0,0
46.0545,1,0,0
46.0895,1,0,0
46.1244,1,0,0
46.1594,1,0,0
46.1944,1,0,0
46.2294,1,0,0
46.2644,1,0,0
46.2994,1,0,0
46.3343,1,0,0
46.3693,1,0,0
46.4043,1,0,0
46.4393,1,0,0
46.4743,1,0,0
46.5092,1,0,0
46.5442,1,0,0
46.5792,1,0,0
46.6142,1,0,0
46.6492,1,0,0
46.6842,1,0,0
46.7191,1,0,0
46.7541,1,0,0
46.7891,1,0,0
46.8241,1,0,0
46.8591,1,0,0
46.8941,1,0,0
46.929,1,0,0
46.964,1,0,0
46.999,1,0,0
47.034,1,0,0
47.069,1,0,0
47.1039,1,0,0
47.1389,1,0,0
47.1739,1,0,0
47.2089,1,0,0
47.2439,1,0,0
47.2789,1,0,0
47.3138,1,0,0
47.3488,1,0,0
47.3838,1,0,0
47.4188,1,0,0
47.4538,1,0,0
47.4888,1,0,0
47.5237,1,0,0
47.5587,1,0,0
47.5937,1,0,0
47.6287,1,0,0
47.6637,1,0,0
47.6987,1,0,0
47.7336,1,0,0
47.7686,1,0,0
47.8036,1,0,0
47.8386,1,0,0
47.8736,1,0,0
47.9085,1,0,0
47.9435,1,0,0
47.9785,1,0,0
48.0135,1,0,0
48.0485,1,0,0
48.0835,1,0,0
48.1184,1,0,0
48.1534,1,0,0
48.1884,1,0,0
48.2234,1,0,0
48.2584,1,0,0
48.2934,1,0,0
48.3283,1,0,0
48.3633,1,0,0
48.3983,1,0,0
48.4333,1,0,0
48.4683,1,0,0
48.5032,1,0,0
48.5382,1,0,0
48.5732,1,0,0
48.6082,1,0,0
48.6432,1,0,0
48.6782,1,0,0
48.7131,1,0,0
48.7481,1,0,0
48.7831,1,0,0
48.8181,1,0,0
48.8531,1,0,0
48.8881,1,0,0
48.923,1,0,0
48.958,1,0,0
48.993,1,0,0
49.028,1,0,0
49.063,1,0,0
49.098,1,0,0
49.1329,1,0,0
49.1679,1,0,0
49.2029,1,0,0
49.2379,1,0,0
49.2729,1,0,0
49.3078,1,0,0
49.3428,1,0,0
49.3778,1,0,0
49.4128,1,0,0
49.4478,1,0,0
49.4828,1,0,0
49.5177,1,0,0
49.5527,1,0,0
49.5877,1,0,0
49.6227,1,0,0
49.6577,1,0,0
49.6927,1,0,0
49.7276,1,0,0
49.7626,1,0,0
49.7976,1,0,0
49.8326,1,0,0
49.8676,1,0,0
49.9025,1,0,0
49.9375,1,0,0
49.9725,1,0,0
